MA	2500100000	00000000	County subdivisions not defined	F	0	2047257333	       0.000	     790.451	 41.799014	 -70.211880
MA	2500103690	00618248	Barnstable Town city	F	155188757	42829852	      59.919	      16.537	 41.661478	 -70.356951
MA	2500107175	00619412	Bourne town	A	105286925	31632658	      40.652	      12.213	 41.717460	 -70.591824
MA	2500107980	00618249	Brewster town	A	59416208	6632928	      22.941	       2.561	 41.747513	 -70.066223
MA	2500112995	00618250	Chatham town	A	41892737	43619179	      16.175	      16.841	 41.621629	 -69.981956
MA	2500116775	00618252	Dennis town	A	53340250	4565974	      20.595	       1.763	 41.706123	 -70.164823
MA	2500119295	00619414	Eastham town	A	36176405	30405540	      13.968	      11.740	 41.841572	 -69.988926
MA	2500123105	00618253	Falmouth town	A	114112355	26809905	      44.059	      10.351	 41.594939	 -70.599243
MA	2500129020	00618254	Harwich town	A	54091337	5735366	      20.885	       2.214	 41.696512	 -70.070113
MA	2500139100	00618256	Mashpee town	A	60633401	9982381	      23.411	       3.854	 41.617623	 -70.492713
MA	2500151440	00618257	Orleans town	A	36683088	22168297	      14.163	       8.559	 41.769350	 -69.969034
MA	2500155500	00618258	Provincetown town	A	25046220	20232205	       9.670	       7.812	 42.056913	 -70.190488
MA	2500159735	00618259	Sandwich town	A	111073075	3812696	      42.886	       1.472	 41.713200	 -70.485737
MA	2500170605	00618260	Truro town	A	54268867	13686727	      20.953	       5.284	 42.013560	 -70.064152
MA	2500174385	00618261	Wellfleet town	A	51240913	40455530	      19.784	      15.620	 41.916805	 -70.027100
MA	2500182525	00618262	Yarmouth town	A	62539355	10519493	      24.147	       4.062	 41.674949	 -70.226014
MA	2500300555	00619415	Adams town	A	59281215	183354	      22.889	       0.071	 42.625560	 -73.119828
MA	2500300975	00618263	Alford town	A	29801968	105437	      11.507	       0.041	 42.254399	 -73.429040
MA	2500304545	00619416	Becket town	A	119306476	4481496	      46.064	       1.730	 42.294853	 -73.088470
MA	2500313345	00618264	Cheshire town	A	69442568	1833958	      26.812	       0.708	 42.565107	 -73.149142
MA	2500314010	00619417	Clarksburg town	A	32868742	267283	      12.691	       0.103	 42.722720	 -73.105818
MA	2500316180	00619418	Dalton town	A	56384798	256363	      21.770	       0.099	 42.479819	 -73.153776
MA	2500321360	00618265	Egremont town	A	48355351	618506	      18.670	       0.239	 42.173533	 -73.444931
MA	2500324120	00619419	Florida town	A	63107660	609587	      24.366	       0.235	 42.680041	 -73.015814
MA	2500326815	00619420	Great Barrington town	A	116086967	2464254	      44.821	       0.951	 42.221851	 -73.333044
MA	2500328180	00619421	Hancock town	A	92450613	177284	      35.695	       0.068	 42.524696	 -73.323177
MA	2500330315	00618266	Hinsdale town	A	53689958	2502364	      20.730	       0.966	 42.435827	 -73.112812
MA	2500334340	00618267	Lanesborough town	A	74695661	1899775	      28.840	       0.734	 42.535857	 -73.241133
MA	2500334655	00618268	Lee town	A	67714678	2254251	      26.145	       0.870	 42.303174	 -73.233924
MA	2500334970	00618269	Lenox town	A	54950946	1168924	      21.217	       0.451	 42.367858	 -73.269763
MA	2500342460	00618270	Monterey town	A	68467641	2510201	      26.436	       0.969	 42.186893	 -73.223105
MA	2500343300	00618271	Mount Washington town	A	57613939	390424	      22.245	       0.151	 42.090920	 -73.470197
MA	2500344385	00598751	New Ashford town	A	34855754	36176	      13.458	       0.014	 42.610717	 -73.225328
MA	2500345420	00618272	New Marlborough town	A	121432607	2629681	      46.885	       1.015	 42.098436	 -73.241978
MA	2500346225	00618273	North Adams city	F	52697981	691988	      20.347	       0.267	 42.675551	 -73.118109
MA	2500351580	00619422	Otis town	A	92111054	6455801	      35.564	       2.493	 42.204346	 -73.084962
MA	2500353050	00619423	Peru town	A	67162248	273449	      25.931	       0.106	 42.408169	 -73.035340
MA	2500353960	00619424	Pittsfield city	F	104806115	5171490	      40.466	       1.997	 42.451840	 -73.260685
MA	2500356795	00619425	Richmond town	A	48456299	840962	      18.709	       0.325	 42.383497	 -73.359187
MA	2500359665	00619426	Sandisfield town	A	134230152	2919932	      51.827	       1.127	 42.107496	 -73.118607
MA	2500360225	00619427	Savoy town	A	92878793	452282	      35.861	       0.175	 42.594166	 -73.022320
MA	2500361065	00619428	Sheffield town	A	122801997	2936436	      47.414	       1.134	 42.103650	 -73.359887
MA	2500367595	00618274	Stockbridge town	A	58898869	2434471	      22.741	       0.940	 42.301969	 -73.323024
MA	2500371095	00619429	Tyringham town	A	48260580	585218	      18.634	       0.226	 42.240876	 -73.181328
MA	2500373335	00618275	Washington town	A	98423697	2118462	      38.002	       0.818	 42.369768	 -73.155170
MA	2500377990	00618276	West Stockbridge town	A	47792804	595257	      18.453	       0.230	 42.312354	 -73.388044
MA	2500379985	00619430	Williamstown town	A	121029966	329451	      46.730	       0.127	 42.695743	 -73.222118
MA	2500380685	00619431	Windsor town	A	90620770	448405	      34.989	       0.173	 42.519837	 -73.049690
MA	2500500000	00000000	County subdivisions not defined	F	0	146334378	       0.000	      56.500	 41.578566	 -70.843419
MA	2500500520	01729673	Acushnet town	A	47727295	1350798	      18.428	       0.522	 41.718217	 -70.901151
MA	2500502690	00618278	Attleboro city	F	69352850	2577259	      26.777	       0.995	 41.931653	 -71.294503
MA	2500505280	00619432	Berkley town	A	42766350	2362062	      16.512	       0.912	 41.838061	 -71.077615
MA	2500516425	00618279	Dartmouth town	A	157809108	94819858	      60.930	      36.610	 41.566510	 -70.958229
MA	2500516950	00618280	Dighton town	A	57058284	1495418	      22.030	       0.577	 41.829498	 -71.151766
MA	2500520100	00619433	Easton town	A	74487261	1230503	      28.760	       0.475	 42.040515	 -71.109329
MA	2500522130	00618281	Fairhaven town	A	32063903	4606884	      12.380	       1.779	 41.633619	 -70.871306
MA	2500523000	00618282	Fall River city	F	85769409	18424381	      33.116	       7.114	 41.725351	 -71.094162
MA	2500525240	00619434	Freetown town	A	89281512	4995144	      34.472	       1.929	 41.779380	 -71.019526
MA	2500538225	00618283	Mansfield town	A	52060525	830936	      20.101	       0.321	 42.017302	 -71.216410
MA	2500545000	00619435	New Bedford city	F	51792301	10707139	      19.997	       4.134	 41.661303	 -70.937913
MA	2500546575	00618284	North Attleborough town	A	48835090	1357822	      18.855	       0.524	 41.970454	 -71.334930
MA	2500549970	00619436	Norton town	A	72035467	3885982	      27.813	       1.500	 41.965341	 -71.181780
MA	2500556060	00618285	Raynham town	A	53049737	771688	      20.483	       0.298	 41.930646	 -71.045128
MA	2500556375	00619437	Rehoboth town	A	121557180	1409688	      46.933	       0.544	 41.846878	 -71.244870
MA	2500560645	00618286	Seekonk town	A	47641795	640651	      18.395	       0.247	 41.842106	 -71.322309
MA	2500562430	00619438	Somerset town	A	20457807	10344650	       7.899	       3.994	 41.738479	 -71.165065
MA	2500568750	00619439	Swansea town	A	58737861	6716118	      22.679	       2.593	 41.758163	 -71.214181
MA	2500569170	00619440	Taunton city	F	120960043	4434135	      46.703	       1.712	 41.903324	 -71.094987
MA	2500577570	00618287	Westport town	A	129038736	38252467	      49.822	      14.769	 41.579794	 -71.081822
MA	2500701585	00618289	Aquinnah town	A	13811970	91795835	       5.333	      35.443	 41.334000	 -70.823432
MA	2500713800	00618288	Chilmark town	A	49319885	210793444	      19.043	      81.388	 41.303014	 -70.778694
MA	2500721150	00619441	Edgartown town	A	69445833	248596061	      26.813	      95.983	 41.372950	 -70.482349
MA	2500726325	00618290	Gosnold town	A	34153243	328890419	      13.187	     126.985	 41.443110	 -70.862707
MA	2500750390	00619442	Oak Bluffs town	A	18932296	48187533	       7.310	      18.605	 41.457160	 -70.556101
MA	2500769940	00619443	Tisbury town	A	16935079	32553285	       6.539	      12.569	 41.473071	 -70.617422
MA	2500778235	00618291	West Tisbury town	A	64857632	43312008	      25.042	      16.723	 41.394406	 -70.656447
MA	2500900000	00000000	County subdivisions not defined	F	0	537178650	       0.000	     207.406	 42.453395	 -70.653587
MA	2500901260	00618292	Amesbury Town city	F	31782255	3783180	      12.271	       1.461	 42.851293	 -70.955810
MA	2500901465	00619444	Andover town	A	79807660	3436444	      30.814	       1.327	 42.648044	 -71.161751
MA	2500905595	00618293	Beverly city	F	39081568	19420894	      15.089	       7.498	 42.557088	 -70.843066
MA	2500907420	00618294	Boxford town	A	61053032	2202714	      23.573	       0.850	 42.683108	 -71.018330
MA	2500916250	00618295	Danvers town	A	34362560	2374683	      13.267	       0.917	 42.574174	 -70.950516
MA	2500921850	00618296	Essex town	A	36167008	5379258	      13.964	       2.077	 42.640420	 -70.771172
MA	2500925625	00619445	Georgetown town	A	33301959	750836	      12.858	       0.290	 42.727879	 -70.982036
MA	2500926150	00618297	Gloucester city	F	67853259	39661375	      26.198	      15.313	 42.628850	 -70.685875
MA	2500927620	00618298	Groveland town	A	23000428	1337626	       8.881	       0.516	 42.753900	 -71.015935
MA	2500927900	00619446	Hamilton town	A	36720188	1909840	      14.178	       0.737	 42.626223	 -70.857230
MA	2500929405	00619447	Haverhill city	F	85563034	6889818	      33.036	       2.660	 42.782945	 -71.087436
MA	2500932310	00619448	Ipswich town	A	83143201	26699680	      32.102	      10.309	 42.695981	 -70.835648
MA	2500934550	00619449	Lawrence city	F	17946721	1295352	       6.929	       0.500	 42.700273	 -71.161357
MA	2500937490	00619450	Lynn city	F	27819751	7206124	      10.741	       2.782	 42.474862	 -70.962185
MA	2500937560	00618299	Lynnfield town	A	25522182	1525344	       9.854	       0.589	 42.534146	 -71.038333
MA	2500937995	00619451	Manchester-by-the-Sea town	A	23899656	23403920	       9.228	       9.036	 42.562321	 -70.760282
MA	2500938400	00618300	Marblehead town	A	11318157	39397805	       4.370	      15.212	 42.495629	 -70.835820
MA	2500940430	00618301	Merrimac town	A	22024288	1033032	       8.504	       0.399	 42.838603	 -71.011997
MA	2500940710	00618302	Methuen Town city	F	57523675	2025823	      22.210	       0.782	 42.742526	 -71.179149
MA	2500941095	00618303	Middleton town	A	34822062	2702596	      13.445	       1.043	 42.610513	 -71.007118
MA	2500943580	00618304	Nahant town	A	2708895	37778568	       1.046	      14.586	 42.419279	 -70.930091
MA	2500945175	00619452	Newbury town	A	60503666	7612046	      23.361	       2.939	 42.770406	 -70.872417
MA	2500945245	00618305	Newburyport city	F	21625807	6109676	       8.350	       2.359	 42.812141	 -70.886646
MA	2500946365	00618306	North Andover town	A	68068956	3711232	      26.282	       1.433	 42.673909	 -71.091334
MA	2500952490	00618307	Peabody city	F	42022243	1504784	      16.225	       0.581	 42.534279	 -70.969782
MA	2500957880	00618308	Rockport town	A	18108081	27316869	       6.992	      10.547	 42.656952	 -70.604630
MA	2500958405	00618309	Rowley town	A	47146814	5573483	      18.203	       2.152	 42.721495	 -70.886637
MA	2500959105	00619453	Salem city	F	21478273	25918841	       8.293	      10.007	 42.499248	 -70.898204
MA	2500959245	00618310	Salisbury town	A	39807233	6251594	      15.370	       2.414	 42.844793	 -70.841476
MA	2500960015	00619454	Saugus town	A	27910810	2556898	      10.776	       0.987	 42.468432	 -71.013946
MA	2500968645	00618311	Swampscott town	A	7826792	9550186	       3.022	       3.687	 42.468059	 -70.891260
MA	2500970150	00618312	Topsfield town	A	30775555	2344843	      11.883	       0.905	 42.641379	 -70.943440
MA	2500974595	00619455	Wenham town	A	19835690	1248262	       7.659	       0.482	 42.600633	 -70.883303
MA	2500977150	00618313	West Newbury town	A	34828174	3308008	      13.447	       1.277	 42.799565	 -70.964428
MA	2501102095	00619377	Ashfield town	A	103580990	650589	      39.993	       0.251	 42.520324	 -72.805606
MA	2501105560	00619378	Bernardston town	A	60580029	62134	      23.390	       0.024	 42.691844	 -72.559861
MA	2501109595	00618159	Buckland town	A	50922753	558509	      19.661	       0.216	 42.592092	 -72.788606
MA	2501112505	00619379	Charlemont town	A	67943704	1066319	      26.233	       0.412	 42.633130	 -72.854712
MA	2501114885	00618160	Colrain town	A	111593185	665699	      43.086	       0.257	 42.694731	 -72.710956
MA	2501115200	00618161	Conway town	A	97689177	417048	      37.718	       0.161	 42.508567	 -72.707159
MA	2501116670	00618162	Deerfield town	A	83922933	2719700	      32.403	       1.050	 42.517967	 -72.613139
MA	2501121780	00618163	Erving town	A	35721723	1529359	      13.792	       0.590	 42.613418	 -72.426428
MA	2501125730	00618164	Gill town	A	35665203	2669054	      13.770	       1.031	 42.624101	 -72.508607
MA	2501127100	00618166	Greenfield Town city	F	55455806	1188517	      21.412	       0.459	 42.614671	 -72.597063
MA	2501129475	00619380	Hawley town	A	78964204	124804	      30.488	       0.048	 42.575572	 -72.900789
MA	2501129650	00618167	Heath town	A	64496187	97646	      24.902	       0.038	 42.693268	 -72.823116
MA	2501135180	00618168	Leverett town	A	59027067	425597	      22.790	       0.164	 42.468898	 -72.484579
MA	2501135285	00618169	Leyden town	A	46458784	300799	      17.938	       0.116	 42.697576	 -72.627606
MA	2501142040	00618170	Monroe town	A	27680120	260815	      10.687	       0.101	 42.727772	 -72.985346
MA	2501142285	00618171	Montague town	A	78089813	3349615	      30.151	       1.293	 42.556617	 -72.517075
MA	2501145490	00618172	New Salem town	A	115922490	36075295	      44.758	      13.929	 42.458551	 -72.327191
MA	2501147835	00619381	Northfield town	A	88740952	2814933	      34.263	       1.087	 42.677091	 -72.453876
MA	2501151265	00618173	Orange town	A	90886352	2389554	      35.091	       0.923	 42.605437	 -72.292074
MA	2501158335	00618174	Rowe town	A	60706981	1511949	      23.439	       0.584	 42.695532	 -72.909148
MA	2501161135	00618175	Shelburne town	A	59985403	655947	      23.160	       0.253	 42.618650	 -72.679279
MA	2501161905	00619382	Shutesbury town	A	68657613	1576162	      26.509	       0.609	 42.456968	 -72.417244
MA	2501168400	00618176	Sunderland town	A	36830207	1348186	      14.220	       0.521	 42.466691	 -72.546751
MA	2501173265	00618177	Warwick town	A	96731081	810069	      37.348	       0.313	 42.679971	 -72.339882
MA	2501174525	00618178	Wendell town	A	82498198	969728	      31.853	       0.374	 42.556310	 -72.407148
MA	2501179110	01729674	Whately town	A	52201695	1318511	      20.155	       0.509	 42.430995	 -72.642437
MA	2501300840	00618180	Agawam Town city	F	60440906	2564321	      23.336	       0.990	 42.064731	 -72.653477
MA	2501306085	00619383	Blandford town	A	133580807	4837552	      51.576	       1.868	 42.190191	 -72.954263
MA	2501308470	00619384	Brimfield town	A	90060883	1415810	      34.773	       0.547	 42.128176	 -72.205352
MA	2501313485	00619385	Chester town	A	94763114	1498391	      36.588	       0.579	 42.274187	 -72.943384
MA	2501313660	00618181	Chicopee city	F	59140442	2691137	      22.834	       1.039	 42.175668	 -72.572257
MA	2501319645	00618182	East Longmeadow town	A	33504925	181924	      12.936	       0.070	 42.062378	 -72.498111
MA	2501326675	00618183	Granville town	A	109598643	2080866	      42.316	       0.803	 42.087356	 -72.908350
MA	2501328075	00618184	Hampden town	A	50779425	89778	      19.606	       0.035	 42.071188	 -72.417718
MA	2501330665	00618185	Holland town	A	31832963	1990946	      12.291	       0.769	 42.046799	 -72.180144
MA	2501330840	00619386	Holyoke city	F	55069485	4074018	      21.262	       1.573	 42.211656	 -72.642448
MA	2501336300	00618186	Longmeadow town	A	23541439	1343980	       9.089	       0.519	 42.047565	 -72.571130
MA	2501337175	00618187	Ludlow town	A	70461429	2938663	      27.205	       1.135	 42.183577	 -72.457812
MA	2501342145	00618188	Monson town	A	114510946	1473581	      44.213	       0.569	 42.093596	 -72.321494
MA	2501342530	00618189	Montgomery town	A	38725598	306193	      14.952	       0.118	 42.220395	 -72.834999
MA	2501352144	00619387	Palmer Town city	F	81797257	1086433	      31.582	       0.419	 42.187794	 -72.308469
MA	2501358650	00618190	Russell town	A	45254236	1111150	      17.473	       0.429	 42.161251	 -72.853806
MA	2501365825	00618191	Southwick town	A	79817799	2152671	      30.818	       0.831	 42.052570	 -72.777353
MA	2501367000	00619388	Springfield city	F	82538680	3142825	      31.868	       1.213	 42.115454	 -72.539978
MA	2501370045	00618192	Tolland town	A	81707121	3277267	      31.547	       1.265	 42.102146	 -73.034555
MA	2501372390	00619389	Wales town	A	40775676	598303	      15.744	       0.231	 42.061313	 -72.234411
MA	2501376030	00618193	Westfield city	F	119794955	2751747	      46.253	       1.062	 42.138838	 -72.755911
MA	2501377890	00618194	West Springfield Town city	F	43345017	2059804	      16.736	       0.795	 42.125451	 -72.649734
MA	2501379740	00619390	Wilbraham town	A	57094700	746100	      22.044	       0.288	 42.126883	 -72.430952
MA	2501501325	00618195	Amherst town	A	71550744	338993	      27.626	       0.131	 42.363534	 -72.507291
MA	2501504825	00618196	Belchertown town	A	136236049	6943300	      52.601	       2.681	 42.279010	 -72.400468
MA	2501513590	00618197	Chesterfield town	A	79899249	1028251	      30.849	       0.397	 42.377852	 -72.841984
MA	2501516040	00618198	Cummington town	A	59408390	332330	      22.938	       0.128	 42.465495	 -72.918267
MA	2501519370	00618199	Easthampton Town city	F	34502148	726840	      13.321	       0.281	 42.265435	 -72.670813
MA	2501526290	00619391	Goshen town	A	44809098	1030937	      17.301	       0.398	 42.437627	 -72.811141
MA	2501526535	00618200	Granby town	A	72047886	666977	      27.818	       0.258	 42.244949	 -72.500143
MA	2501527690	00618201	Hadley town	A	59786240	3942942	      23.084	       1.522	 42.356491	 -72.568632
MA	2501529265	00618202	Hatfield town	A	41171484	2401554	      15.896	       0.927	 42.389402	 -72.616806
MA	2501531785	00618203	Huntington town	A	68155905	1238944	      26.315	       0.478	 42.281802	 -72.862632
MA	2501540990	00618204	Middlefield town	A	62421301	64160	      24.101	       0.025	 42.367352	 -73.023989
MA	2501546330	00619392	Northampton city	F	88686129	3910266	      34.242	       1.510	 42.327044	 -72.674630
MA	2501552560	00618205	Pelham town	A	65017556	3735674	      25.103	       1.442	 42.371648	 -72.412488
MA	2501554030	00618206	Plainfield town	A	54709405	596478	      21.123	       0.230	 42.512353	 -72.918666
MA	2501562745	00618207	Southampton town	A	72914121	2084351	      28.152	       0.805	 42.226949	 -72.741588
MA	2501564145	00618208	South Hadley town	A	45877556	1773572	      17.713	       0.685	 42.256208	 -72.581030
MA	2501572880	00618209	Ware town	A	89024631	14507472	      34.373	       5.601	 42.275462	 -72.280158
MA	2501576380	00618210	Westhampton town	A	70391693	478376	      27.178	       0.185	 42.314078	 -72.777977
MA	2501579915	00618211	Williamsburg town	A	66138059	356769	      25.536	       0.138	 42.405414	 -72.726043
MA	2501582175	00618212	Worthington town	A	82765225	381099	      31.956	       0.147	 42.397559	 -72.943392
MA	2501700380	00618213	Acton town	A	51453350	1115113	      19.866	       0.431	 42.483953	 -71.438495
MA	2501701605	00619393	Arlington town	A	13321184	880644	       5.143	       0.340	 42.418722	 -71.163912
MA	2501701955	00618214	Ashby town	A	61289599	1000255	      23.664	       0.386	 42.676293	 -71.832523
MA	2501702130	00619394	Ashland town	A	31948334	1395751	      12.335	       0.539	 42.257755	 -71.473526
MA	2501703005	00618215	Ayer town	A	23147520	1466738	       8.937	       0.566	 42.566573	 -71.575135
MA	2501704615	00619395	Bedford town	A	35385661	462663	      13.662	       0.179	 42.499295	 -71.281889
MA	2501705070	00618216	Belmont town	A	12037707	183395	       4.648	       0.071	 42.395317	 -71.180284
MA	2501705805	00618217	Billerica town	A	66236093	1927810	      25.574	       0.744	 42.559673	 -71.260947
MA	2501707350	00618218	Boxborough town	A	26637362	317227	      10.285	       0.122	 42.485985	 -71.520985
MA	2501709840	00618219	Burlington town	A	30403161	323480	      11.739	       0.125	 42.503227	 -71.201713
MA	2501711000	00619396	Cambridge city	F	16556713	1861901	       6.393	       0.719	 42.376043	 -71.118680
MA	2501711525	00619397	Carlisle town	A	39560569	642052	      15.274	       0.248	 42.536620	 -71.361832
MA	2501713135	00618220	Chelmsford town	A	57937420	1849182	      22.370	       0.714	 42.597055	 -71.369700
MA	2501715060	00619398	Concord town	A	63489560	3409854	      24.513	       1.317	 42.462911	 -71.364496
MA	2501717475	00618221	Dracut town	A	53549695	1961809	      20.676	       0.757	 42.679723	 -71.300680
MA	2501717825	00618222	Dunstable town	A	42608632	783541	      16.451	       0.303	 42.676149	 -71.499772
MA	2501721990	00618223	Everett city	F	8864166	636032	       3.422	       0.246	 42.405938	 -71.054649
MA	2501724925	00618224	Framingham town	A	64865527	3789373	      25.045	       1.463	 42.307905	 -71.436196
MA	2501727480	00619399	Groton town	A	84887956	2590936	      32.775	       1.000	 42.611760	 -71.565269
MA	2501730700	00618225	Holliston town	A	48280516	1067774	      18.641	       0.412	 42.195951	 -71.453430
MA	2501731085	00619400	Hopkinton town	A	67924485	4218835	      26.226	       1.629	 42.224096	 -71.540489
MA	2501731540	00618226	Hudson town	A	29844513	888432	      11.523	       0.343	 42.389071	 -71.545864
MA	2501735215	00619401	Lexington town	A	42554217	543341	      16.430	       0.210	 42.445222	 -71.230015
MA	2501735425	00619402	Lincoln town	A	36854434	1957600	      14.230	       0.756	 42.425506	 -71.310812
MA	2501735950	00619403	Littleton town	A	42773948	2579281	      16.515	       0.996	 42.535931	 -71.490569
MA	2501737000	00618227	Lowell city	F	35187375	2442614	      13.586	       0.943	 42.638980	 -71.321141
MA	2501737875	00619404	Malden city	F	13066098	98217	       5.045	       0.038	 42.429380	 -71.058706
MA	2501738715	00618228	Marlborough city	F	54026823	3201505	      20.860	       1.236	 42.349617	 -71.547214
MA	2501739625	00618229	Maynard town	A	13487658	407087	       5.208	       0.157	 42.425955	 -71.456256
MA	2501739835	00619405	Medford city	F	20978754	1458313	       8.100	       0.563	 42.423844	 -71.109231
MA	2501740115	00619406	Melrose city	F	12129263	219967	       4.683	       0.085	 42.455723	 -71.059019
MA	2501743895	00619407	Natick town	A	38734865	2605815	      14.956	       1.006	 42.284822	 -71.348811
MA	2501745560	00619408	Newton city	F	46180690	843989	      17.830	       0.326	 42.331876	 -71.208402
MA	2501748955	00618230	North Reading town	A	34005763	912452	      13.130	       0.352	 42.578222	 -71.084398
MA	2501752805	00618231	Pepperell town	A	58448038	1548500	      22.567	       0.598	 42.670643	 -71.602858
MA	2501756130	00618232	Reading town	A	25843783	47034	       9.978	       0.018	 42.535183	 -71.105423
MA	2501761380	00618233	Sherborn town	A	40896335	957669	      15.790	       0.370	 42.231947	 -71.372963
MA	2501761590	00618234	Shirley town	A	40980387	201617	      15.823	       0.078	 42.573654	 -71.640986
MA	2501762535	00619409	Somerville city	F	10677911	258982	       4.123	       0.100	 42.390445	 -71.101033
MA	2501767665	00618235	Stoneham town	A	15582267	1629178	       6.016	       0.629	 42.474208	 -71.097665
MA	2501768050	00618236	Stow town	A	44856903	1740661	      17.319	       0.672	 42.429688	 -71.512514
MA	2501768260	00618237	Sudbury town	A	62870926	1256070	      24.275	       0.485	 42.383367	 -71.421070
MA	2501769415	00618238	Tewksbury town	A	53660294	1106473	      20.718	       0.427	 42.612088	 -71.227845
MA	2501770360	00618239	Townsend town	A	84686420	684896	      32.698	       0.264	 42.664950	 -71.712025
MA	2501771025	00618240	Tyngsborough town	A	43504220	3395289	      16.797	       1.311	 42.667762	 -71.428820
MA	2501772215	00619410	Wakefield town	A	19146818	1559937	       7.393	       0.602	 42.504360	 -71.064061
MA	2501772600	00618241	Waltham city	F	32990719	2654096	      12.738	       1.025	 42.388921	 -71.242268
MA	2501773440	00618242	Watertown Town city	F	10340357	342062	       3.992	       0.132	 42.369451	 -71.177925
MA	2501773790	00618243	Wayland town	A	38970310	2059633	      15.047	       0.795	 42.360427	 -71.361099
MA	2501776135	00618244	Westford town	A	78335561	2892316	      30.246	       1.117	 42.585541	 -71.440250
MA	2501777255	00618245	Weston town	A	43569557	1338250	      16.822	       0.517	 42.360502	 -71.303433
MA	2501780230	00618246	Wilmington town	A	43937713	462733	      16.964	       0.179	 42.564647	 -71.164516
MA	2501780510	00618247	Winchester town	A	15627854	811600	       6.034	       0.313	 42.452752	 -71.144319
MA	2501781035	00619411	Woburn city	F	32720986	802750	      12.634	       0.310	 42.488769	 -71.154438
MA	2501900000	00000000	County subdivisions not defined	F	0	513825134	       0.000	     198.389	 41.305878	 -70.141910
MA	2501943790	00619376	Nantucket town	A	119431671	153206925	      46.113	      59.154	 41.293416	 -70.102169
MA	2502102935	00618314	Avon town	A	11114971	639905	       4.292	       0.247	 42.132461	 -71.054013
MA	2502104930	00618315	Bellingham town	A	47509416	1421469	      18.343	       0.549	 42.076682	 -71.474490
MA	2502107740	00618316	Braintree Town city	F	35618354	2103745	      13.752	       0.812	 42.206188	 -71.002320
MA	2502109175	00619456	Brookline town	A	17508399	184972	       6.760	       0.071	 42.323853	 -71.142003
MA	2502111315	00619457	Canton town	A	48502507	2064253	      18.727	       0.797	 42.175737	 -71.125385
MA	2502114640	00618317	Cohasset town	A	25341308	56061986	       9.784	      21.646	 42.262428	 -70.798883
MA	2502116495	00618318	Dedham town	A	26584471	1094228	      10.264	       0.422	 42.246872	 -71.179462
MA	2502117405	00618319	Dover town	A	39155536	825326	      15.118	       0.319	 42.234160	 -71.291167
MA	2502124820	00618320	Foxborough town	A	51406746	2593382	      19.848	       1.001	 42.061338	 -71.245802
MA	2502125172	00618321	Franklin Town city	F	68988461	1014610	      26.637	       0.392	 42.084858	 -71.410571
MA	2502130455	00618322	Holbrook town	A	18789082	282430	       7.255	       0.109	 42.140346	 -70.997861
MA	2502139765	00618323	Medfield town	A	37305639	607719	      14.404	       0.235	 42.184599	 -71.305307
MA	2502139975	00619458	Medway town	A	29900279	344079	      11.545	       0.133	 42.156203	 -71.430345
MA	2502141515	00618324	Millis town	A	31170651	604210	      12.035	       0.233	 42.173103	 -71.363756
MA	2502141690	00619459	Milton town	A	33698406	772291	      13.011	       0.298	 42.241557	 -71.082432
MA	2502144105	00618325	Needham town	A	31823507	1082846	      12.287	       0.418	 42.281593	 -71.242414
MA	2502146050	00618326	Norfolk town	A	38591568	1289284	      14.900	       0.498	 42.116244	 -71.329274
MA	2502150250	00619460	Norwood town	A	26960226	434810	      10.409	       0.168	 42.187360	 -71.195955
MA	2502154100	00618327	Plainville town	A	28457938	1350451	      10.988	       0.521	 42.012797	 -71.336578
MA	2502155745	00619461	Quincy city	F	42914903	26768761	      16.570	      10.335	 42.261006	 -71.008988
MA	2502155955	00618328	Randolph town	A	25455456	1516985	       9.828	       0.586	 42.176446	 -71.051568
MA	2502160785	00618329	Sharon town	A	60684897	2471652	      23.431	       0.954	 42.108463	 -71.185182
MA	2502167945	00618330	Stoughton town	A	41661046	969181	      16.085	       0.374	 42.119006	 -71.103650
MA	2502172495	00618331	Walpole town	A	52949302	1613234	      20.444	       0.623	 42.146286	 -71.255604
MA	2502174175	00618332	Wellesley town	A	25937354	1306693	      10.014	       0.505	 42.305932	 -71.282917
MA	2502178690	00618333	Westwood town	A	28201327	743590	      10.889	       0.287	 42.219645	 -71.216768
MA	2502178972	00619462	Weymouth Town city	F	43424653	12456851	      16.766	       4.810	 42.206676	 -70.945845
MA	2502182315	00618334	Wrentham town	A	56219504	2341280	      21.706	       0.904	 42.052671	 -71.356858
MA	2502300000	00000000	County subdivisions not defined	F	0	737394645	       0.000	     284.710	 42.062700	 -70.562339
MA	2502300170	00618336	Abington town	A	25798865	592945	       9.961	       0.229	 42.119964	 -70.957216
MA	2502308085	00619466	Bridgewater town	A	70568236	2903942	      27.247	       1.121	 41.972387	 -70.978778
MA	2502309000	00619467	Brockton city	F	55219911	507124	      21.321	       0.196	 42.082543	 -71.024638
MA	2502311665	00618337	Carver town	A	96625590	6258473	      37.307	       2.416	 41.875179	 -70.746715
MA	2502317895	00618338	Duxbury town	A	61449039	35932814	      23.726	      13.874	 42.044324	 -70.706073
MA	2502318455	00618339	East Bridgewater town	A	44570917	842755	      17.209	       0.325	 42.037278	 -70.940459
MA	2502327795	00618340	Halifax town	A	41364651	3667098	      15.971	       1.416	 42.002634	 -70.863706
MA	2502328285	00618341	Hanover town	A	40234557	244425	      15.535	       0.094	 42.122956	 -70.856310
MA	2502328495	00619468	Hanson town	A	38900941	1851421	      15.020	       0.715	 42.050464	 -70.867418
MA	2502330210	00618342	Hingham town	A	57494922	7220859	      22.199	       2.788	 42.224319	 -70.880673
MA	2502331645	00618343	Hull town	A	7413787	65649830	       2.862	      25.348	 42.340233	 -70.883301
MA	2502333220	00619469	Kingston town	A	48297997	4754056	      18.648	       1.836	 41.987196	 -70.741942
MA	2502333920	00618344	Lakeville town	A	76627027	16915651	      29.586	       6.531	 41.834412	 -70.957163
MA	2502338540	00618345	Marion town	A	36347614	31406074	      14.034	      12.126	 41.706839	 -70.750960
MA	2502338855	00619470	Marshfield town	A	74161111	8107683	      28.634	       3.130	 42.115139	 -70.710331
MA	2502339450	00619471	Mattapoisett town	A	44967322	17640077	      17.362	       6.811	 41.661363	 -70.812024
MA	2502340850	00618346	Middleborough town	A	178828442	8186261	      69.046	       3.161	 41.878004	 -70.869267
MA	2502350145	00618347	Norwell town	A	54210080	845446	      20.931	       0.326	 42.164569	 -70.818844
MA	2502352630	00618348	Pembroke town	A	56431319	4586637	      21.788	       1.771	 42.067804	 -70.805713
MA	2502354310	00618349	Plymouth town	A	249729338	97284253	      96.421	      37.562	 41.898059	 -70.624169
MA	2502354415	00619472	Plympton town	A	38023278	1099164	      14.681	       0.424	 41.959100	 -70.802753
MA	2502357600	00618350	Rochester town	A	86950058	6376674	      33.572	       2.462	 41.760864	 -70.838956
MA	2502357775	00618351	Rockland town	A	25996534	217610	      10.037	       0.084	 42.129251	 -70.908736
MA	2502360330	00618352	Scituate town	A	45667924	36784137	      17.632	      14.202	 42.205062	 -70.742978
MA	2502372985	00618353	Wareham town	A	92783856	27044814	      35.824	      10.442	 41.761040	 -70.701779
MA	2502375260	00618354	West Bridgewater town	A	39686489	913622	      15.323	       0.353	 42.021617	 -71.026717
MA	2502379530	00618355	Whitman town	A	17963807	59307	       6.936	       0.023	 42.078974	 -70.939390
MA	2502500000	00000000	County subdivisions not defined	F	0	25103201	       0.000	       9.692	 42.389106	 -70.700216
MA	2502507000	00619463	Boston city	F	125219114	106849577	      48.347	      41.255	 42.331960	 -71.020173
MA	2502513205	00619464	Chelsea city	F	5737734	638178	       2.215	       0.246	 42.396824	 -71.031348
MA	2502556585	00619465	Revere city	F	14752885	11488169	       5.696	       4.436	 42.421005	 -70.990360
MA	2502581005	00618335	Winthrop Town city	F	5155353	16391171	       1.990	       6.329	 42.375541	 -70.970646
MA	2502701885	00618356	Ashburnham town	A	99291532	6761538	      38.337	       2.611	 42.648697	 -71.919896
MA	2502702480	00619473	Athol town	A	83649155	2767925	      32.297	       1.069	 42.575924	 -72.229618
MA	2502702760	00619474	Auburn town	A	40105510	2408372	      15.485	       0.930	 42.198708	 -71.846006
MA	2502703740	00619475	Barre town	A	114858659	718803	      44.347	       0.278	 42.418848	 -72.106598
MA	2502705490	00619476	Berlin town	A	33598332	524072	      12.972	       0.202	 42.384929	 -71.633889
MA	2502706015	00619477	Blackstone town	A	28778325	825566	      11.111	       0.319	 42.039991	 -71.532406
MA	2502706365	00618357	Bolton town	A	51653369	348499	      19.943	       0.135	 42.439941	 -71.601879
MA	2502707525	00619478	Boylston town	A	41586648	9557756	      16.057	       3.690	 42.355049	 -71.716157
MA	2502709105	00618358	Brookfield town	A	40216388	2734658	      15.528	       1.056	 42.180788	 -72.107891
MA	2502712715	00618359	Charlton town	A	109244212	4178897	      42.179	       1.613	 42.133935	 -71.968025
MA	2502714395	00618360	Clinton town	A	14642433	4176666	       5.653	       1.613	 42.411887	 -71.690005
MA	2502717300	00619479	Douglas town	A	94313863	3846981	      36.415	       1.485	 42.053072	 -71.752241
MA	2502717685	00618361	Dudley town	A	53953607	2745002	      20.832	       1.060	 42.053778	 -71.935075
MA	2502718560	00618362	East Brookfield town	A	25570218	1427831	       9.873	       0.551	 42.209682	 -72.040178
MA	2502723875	00618363	Fitchburg city	F	72079222	745446	      27.830	       0.288	 42.601979	 -71.815876
MA	2502725485	00618364	Gardner city	F	57154594	2452832	      22.068	       0.947	 42.584206	 -71.988737
MA	2502726430	00619480	Grafton town	A	59059846	1298240	      22.803	       0.501	 42.209151	 -71.683644
MA	2502728740	00619481	Hardwick town	A	99979312	5850073	      38.602	       2.259	 42.353221	 -72.217113
MA	2502728950	00619482	Harvard town	A	68437365	1913340	      26.424	       0.739	 42.504256	 -71.588513
MA	2502730560	00618365	Holden town	A	90872414	3196252	      35.086	       1.234	 42.355801	 -71.862574
MA	2502730945	00618366	Hopedale town	A	13403817	442948	       5.175	       0.171	 42.123007	 -71.531404
MA	2502731435	00618367	Hubbardston town	A	106327331	2406515	      41.053	       0.929	 42.489598	 -72.002878
MA	2502734165	00618368	Lancaster town	A	71136863	1335616	      27.466	       0.516	 42.483569	 -71.675585
MA	2502734795	00619483	Leicester town	A	60227939	3572405	      23.254	       1.379	 42.238427	 -71.912340
MA	2502735075	00618369	Leominster city	F	74641617	2233725	      28.819	       0.862	 42.520834	 -71.770508
MA	2502737420	00618370	Lunenburg town	A	68437073	3423861	      26.424	       1.322	 42.582607	 -71.720464
MA	2502740255	00618371	Mendon town	A	46029240	553841	      17.772	       0.214	 42.093870	 -71.544519
MA	2502741165	00618372	Milford town	A	38206480	706014	      14.752	       0.273	 42.158692	 -71.521419
MA	2502741340	00618373	Millbury town	A	40709134	1884703	      15.718	       0.728	 42.192246	 -71.777649
MA	2502741585	00618374	Millville town	A	12592201	143331	       4.862	       0.055	 42.036642	 -71.578779
MA	2502745105	00619484	New Braintree town	A	53773684	403234	      20.762	       0.156	 42.319125	 -72.130814
MA	2502746820	00618375	Northborough town	A	47853216	705398	      18.476	       0.272	 42.323342	 -71.646236
MA	2502746925	00618376	Northbridge town	A	44718838	2037848	      17.266	       0.787	 42.128283	 -71.657772
MA	2502747135	00618377	North Brookfield town	A	55079781	1759511	      21.266	       0.679	 42.267564	 -72.066876
MA	2502750670	00618378	Oakham town	A	53925827	1033076	      20.821	       0.399	 42.350862	 -72.044248
MA	2502751825	00618379	Oxford town	A	68679057	2350488	      26.517	       0.908	 42.128260	 -71.867100
MA	2502752420	00619485	Paxton town	A	38043647	1980547	      14.689	       0.765	 42.311693	 -71.940282
MA	2502753120	00619486	Petersham town	A	140462310	36312102	      54.233	      14.020	 42.459222	 -72.216335
MA	2502753225	00619487	Phillipston town	A	62806115	1002214	      24.250	       0.387	 42.555948	 -72.150888
MA	2502755395	00618380	Princeton town	A	91769490	1032231	      35.432	       0.399	 42.454125	 -71.877540
MA	2502758580	00619488	Royalston town	A	108238144	1836500	      41.791	       0.709	 42.688972	 -72.185327
MA	2502758825	00618381	Rutland town	A	90948947	2972529	      35.116	       1.148	 42.388285	 -71.969865
MA	2502761800	00619489	Shrewsbury town	A	53703399	2646145	      20.735	       1.022	 42.284767	 -71.714228
MA	2502763165	00618382	Southborough town	A	36284533	3920482	      14.010	       1.514	 42.299625	 -71.528427
MA	2502763345	00618383	Southbridge Town city	F	52416904	1611182	      20.238	       0.622	 42.059737	 -72.033908
MA	2502766105	00618385	Spencer town	A	85048712	3040989	      32.837	       1.174	 42.247211	 -71.991867
MA	2502767385	00619490	Sterling town	A	79294039	2752967	      30.616	       1.063	 42.447924	 -71.776045
MA	2502768155	00618384	Sturbridge town	A	96434301	4490710	      37.233	       1.734	 42.104810	 -72.087740
MA	2502768610	00619491	Sutton town	A	83938550	4199249	      32.409	       1.621	 42.132051	 -71.750318
MA	2502769275	00619492	Templeton town	A	82565749	1319762	      31.879	       0.510	 42.563482	 -72.075472
MA	2502771480	00618386	Upton town	A	55941653	610353	      21.599	       0.236	 42.176526	 -71.603588
MA	2502771620	00618387	Uxbridge town	A	76628404	1754094	      29.586	       0.677	 42.061166	 -71.643628
MA	2502773090	00618388	Warren town	A	71314831	267203	      27.535	       0.103	 42.200150	 -72.199808
MA	2502773895	00618389	Webster town	A	32005104	5800852	      12.357	       2.240	 42.047075	 -71.845805
MA	2502775015	00618390	Westborough town	A	53355826	2228806	      20.601	       0.861	 42.268426	 -71.613309
MA	2502775155	00618391	West Boylston town	A	33550042	2357873	      12.954	       0.910	 42.369417	 -71.785036
MA	2502775400	00618392	West Brookfield town	A	53028119	1639215	      20.474	       0.633	 42.256691	 -72.158169
MA	2502777010	00618393	Westminster town	A	91782535	4706357	      35.437	       1.817	 42.554600	 -71.905440
MA	2502780405	00618394	Winchendon town	A	111423815	2734159	      43.021	       1.056	 42.668160	 -72.055644
MA	2502782000	00619493	Worcester city	F	96758525	2814766	      37.359	       1.087	 42.269478	 -71.807783
